treatmentId,patientId,therapy,clinic,patternType,pattern,visits,location,employeeRestriction,heaviness,utility,pattern_complexity,nActInTreat,allocation,employeeHistory,continuityGroup,extraSupport,t_complexity,complexity,visitsIds,nActivities,activitiesIds
1,1,,2,1,[1],5,"(59.9542, 10.6785)",,1,1,1,,0,"{1: [3, 1, 2]}",2,yes,1.651978114478115,2.6519781144781147,"[1, 2, 3, 4, 5]",11,"[1, 2, 3, 4, 5, 6, 7, 8, 9, 10, 11]"
2,2,,4,4,"[8, 9, 10]",2,"(59.9315, 10.7858)",,2,1,4,,0,{0: []},3,no,0.75,4.75,"[6, 7]",10,"[12, 13, 14, 15, 16, 17, 18, 19, 20, 21]"
3,3,,2,4,"[8, 9, 10]",2,"(59.9528, 10.6482)",,2,1,4,,1,{0: []},3,no,0.7,4.7,"[8, 9]",10,"[22, 23, 24, 25, 26, 27, 28, 29, 30, 31]"
4,4,,4,4,"[8, 9, 10]",2,"(59.926, 10.8084)",,2,1,4,,0,{0: []},3,no,0.7,4.7,"[10, 11]",10,"[32, 33, 34, 35, 36, 37, 38, 39, 40, 41]"
5,5,,1,4,"[8, 9, 10]",2,"(59.8713, 10.7967)",,1,1,4,,0,{0: []},3,no,0.7,4.7,"[12, 13]",10,"[42, 43, 44, 45, 46, 47, 48, 49, 50, 51]"
6,6,,4,4,"[8, 9, 10]",2,"(59.9298, 10.7818)",,1,1,4,,0,"{1: [2, 1, 3]}",2,no,0.75,4.75,"[14, 15]",10,"[52, 53, 54, 55, 56, 57, 58, 59, 60, 61]"
7,7,,4,4,"[8, 9, 10]",2,"(59.9332, 10.861)",,2,1,4,,0,{0: []},3,no,0.7,4.7,"[16, 17]",10,"[62, 63, 64, 65, 66, 67, 68, 69, 70, 71]"
8,8,,2,1,[1],5,"(59.954, 10.6758)",,2,1,1,,1,{0: []},3,yes,1.8248931623931626,2.8248931623931623,"[18, 19, 20, 21, 22]",11,"[72, 73, 74, 75, 76, 77, 78, 79, 80, 81, 82]"
9,9,,3,4,"[8, 9, 10]",2,"(59.8774, 10.8295)",,2,1,4,,0,"{1: [1, 2, 3]}",2,no,0.75,4.75,"[23, 24]",10,"[83, 84, 85, 86, 87, 88, 89, 90, 91, 92]"
10,10,,2,1,[1],5,"(59.9443, 10.7703)",,2,1,1,,0,{0: []},3,yes,1.6553825803825801,2.65538258038258,"[25, 26, 27, 28, 29]",11,"[93, 94, 95, 96, 97, 98, 99, 100, 101, 102, 103]"
11,11,,3,4,"[8, 9, 10]",2,"(59.9428, 10.7319)",,2,1,4,,0,{0: []},3,no,0.75,4.75,"[30, 31]",10,"[104, 105, 106, 107, 108, 109, 110, 111, 112, 113]"
12,12,,4,4,"[8, 9, 10]",2,"(59.9513, 10.6937)",,2,1,4,,0,{0: []},3,no,0.7,4.7,"[32, 33]",10,"[114, 115, 116, 117, 118, 119, 120, 121, 122, 123]"
