treatmentId,patientId,therapy,clinic,patternType,pattern,visits,location,employeeRestriction,heaviness,utility,pattern_complexity,nActInTreat,allocation,employeeHistory,continuityGroup,extraSupport,t_complexity,complexity,visitsIds,nActivities,activitiesIds
1,1,,2,1,[1],5,"(59.95, 10.6487)",,2,1,1,,0,{1: []},2,yes,1.5454545454545454,2.5454545454545454,"[1, 2, 3, 4, 5]",11,"[1, 2, 3, 4, 5, 6, 7, 8, 9, 10, 11]"
2,2,,1,1,[1],5,"(59.8932, 10.8195)",,1,1,1,,0,"{1: [2, 1, 3]}",2,yes,1.5097222222222222,2.509722222222222,"[6, 7, 8, 9, 10]",11,"[12, 13, 14, 15, 16, 17, 18, 19, 20, 21, 22]"
3,3,,2,1,[1],5,"(59.9255, 10.7688)",,1,1,1,,1,"{1: [1, 3, 2]}",2,yes,1.64989824989825,2.64989824989825,"[11, 12, 13, 14, 15]",11,"[23, 24, 25, 26, 27, 28, 29, 30, 31, 32, 33]"
4,4,,4,4,"[8, 9, 10]",2,"(59.8975, 10.8006)",,2,1,4,,0,{0: []},3,no,0.7,4.7,"[16, 17]",10,"[34, 35, 36, 37, 38, 39, 40, 41, 42, 43]"
5,5,,2,4,"[8, 9, 10]",2,"(59.9306, 10.7408)",,1,1,4,,0,{0: []},3,no,0.75,4.75,"[18, 19]",10,"[44, 45, 46, 47, 48, 49, 50, 51, 52, 53]"
6,6,,1,4,"[8, 9, 10]",2,"(59.9538, 10.742)",,1,1,4,,0,"{1: [1, 2, 3]}",2,no,0.7,4.7,"[20, 21]",10,"[54, 55, 56, 57, 58, 59, 60, 61, 62, 63]"
7,7,,4,4,"[8, 9, 10]",2,"(59.9315, 10.7452)",,2,1,4,,0,"{1: [3, 2, 1]}",2,no,0.7,4.7,"[22, 23]",10,"[64, 65, 66, 67, 68, 69, 70, 71, 72, 73]"
8,8,,2,1,[1],5,"(59.9591, 10.6832)",,1,1,1,,0,{0: []},3,yes,1.5220085470085472,2.5220085470085474,"[24, 25, 26, 27, 28]",11,"[74, 75, 76, 77, 78, 79, 80, 81, 82, 83, 84]"
9,9,,2,1,[1],5,"(59.9323, 10.7935)",,1,1,1,,0,"{1: [3, 2, 1]}",2,yes,1.588888888888889,2.588888888888889,"[29, 30, 31, 32, 33]",11,"[85, 86, 87, 88, 89, 90, 91, 92, 93, 94, 95]"
10,10,,1,1,[1],5,"(59.9351, 10.7158)",,2,1,1,,1,"{1: [3, 1, 2]}",2,yes,1.8569444444444443,2.8569444444444443,"[34, 35, 36, 37, 38]",11,"[96, 97, 98, 99, 100, 101, 102, 103, 104, 105, 106]"
11,11,,2,1,[1],5,"(59.9246, 10.7359)",,1,1,1,,0,{0: []},3,yes,1.7359011359011363,2.7359011359011363,"[39, 40, 41, 42, 43]",11,"[107, 108, 109, 110, 111, 112, 113, 114, 115, 116, 117]"
12,12,,1,4,"[8, 9, 10]",2,"(59.8624, 10.8398)",,1,1,4,,0,"{1: [3, 2, 1]}",2,no,0.75,4.75,"[44, 45]",10,"[118, 119, 120, 121, 122, 123, 124, 125, 126, 127]"
