treatmentId,patientId,therapy,clinic,patternType,pattern,visits,location,employeeRestriction,heaviness,utility,pattern_complexity,nActInTreat,allocation,employeeHistory,continuityGroup,extraSupport,t_complexity,complexity,visitsIds,nActivities,activitiesIds
1,1,,2,1,[1],5,"(59.9406, 10.7247)",,1,1,1,,0,{0: []},3,yes,1.8083333333333336,2.8083333333333336,"[1, 2, 3, 4, 5]",11,"[1, 2, 3, 4, 5, 6, 7, 8, 9, 10, 11]"
2,2,,2,1,[1],5,"(59.9362, 10.7988)",,1,1,1,,1,{0: []},3,yes,1.6683020683020682,2.668302068302068,"[6, 7, 8, 9, 10]",11,"[12, 13, 14, 15, 16, 17, 18, 19, 20, 21, 22]"
3,3,,2,4,"[8, 9, 10]",2,"(59.9467, 10.7747)",,2,1,4,,0,{0: []},3,no,0.7,4.7,"[11, 12]",10,"[23, 24, 25, 26, 27, 28, 29, 30, 31, 32]"
4,4,,2,1,[1],5,"(59.8815, 10.8352)",,2,1,1,,0,{0: []},3,yes,1.7224331224331224,2.7224331224331224,"[13, 14, 15, 16, 17]",11,"[33, 34, 35, 36, 37, 38, 39, 40, 41, 42, 43]"
5,5,,4,4,"[8, 9, 10]",2,"(59.9191, 10.7073)",,2,1,4,,0,{0: []},3,no,0.7,4.7,"[18, 19]",10,"[44, 45, 46, 47, 48, 49, 50, 51, 52, 53]"
6,6,,2,1,[1],5,"(59.9596, 10.7169)",,1,1,1,,0,{0: []},3,yes,1.72012987012987,2.72012987012987,"[20, 21, 22, 23, 24]",11,"[54, 55, 56, 57, 58, 59, 60, 61, 62, 63, 64]"
7,7,,2,1,[1],5,"(59.9088, 10.8413)",,2,1,1,,1,"{1: [3, 1, 2]}",2,yes,1.7319444444444447,2.7319444444444447,"[25, 26, 27, 28, 29]",11,"[65, 66, 67, 68, 69, 70, 71, 72, 73, 74, 75]"
8,8,,2,1,[1],5,"(59.9273, 10.7174)",,2,1,1,,0,"{1: [1, 3, 2]}",2,yes,1.6364672364672366,2.6364672364672366,"[30, 31, 32, 33, 34]",11,"[76, 77, 78, 79, 80, 81, 82, 83, 84, 85, 86]"
9,9,,1,1,[1],5,"(59.8529, 10.7894)",,1,1,1,,0,{0: []},3,yes,1.7365319865319866,2.7365319865319866,"[35, 36, 37, 38, 39]",11,"[87, 88, 89, 90, 91, 92, 93, 94, 95, 96, 97]"
10,10,,3,4,"[8, 9, 10]",2,"(59.9548, 10.7578)",,2,1,4,,0,{0: []},3,no,0.7,4.7,"[40, 41]",10,"[98, 99, 100, 101, 102, 103, 104, 105, 106, 107]"
11,11,,3,4,"[8, 9, 10]",2,"(59.8584, 10.8094)",,2,1,4,,0,{1: []},2,no,0.7,4.7,"[42, 43]",10,"[108, 109, 110, 111, 112, 113, 114, 115, 116, 117]"
12,12,,1,4,"[8, 9, 10]",2,"(59.9489, 10.7212)",,2,1,4,,0,{1: []},2,no,0.7,4.7,"[44, 45]",10,"[118, 119, 120, 121, 122, 123, 124, 125, 126, 127]"
