treatmentId,patientId,therapy,clinic,patternType,pattern,visits,location,employeeRestriction,heaviness,utility,pattern_complexity,nActInTreat,allocation,employeeHistory,continuityGroup,extraSupport,t_complexity,complexity,visitsIds,nActivities,activitiesIds
1,1,,2,1,[1],5,"(59.926, 10.8061)",,2,1,1,,0,"{1: [3, 1, 2]}",2,yes,1.5972222222222223,2.5972222222222223,"[1, 2, 3, 4, 5]",11,"[1, 2, 3, 4, 5, 6, 7, 8, 9, 10, 11]"
2,2,,2,1,[1],5,"(59.9259, 10.8383)",,1,1,1,,0,{0: []},3,yes,1.688782051282051,2.6887820512820513,"[6, 7, 8, 9, 10]",11,"[12, 13, 14, 15, 16, 17, 18, 19, 20, 21, 22]"
3,3,,4,4,"[8, 9, 10]",2,"(59.9292, 10.6757)",,2,1,4,,0,"{1: [3, 2, 1]}",2,no,0.7,4.7,"[11, 12]",10,"[23, 24, 25, 26, 27, 28, 29, 30, 31, 32]"
4,4,,2,1,[1],5,"(59.9788, 10.6721)",,2,1,1,,0,{0: []},3,yes,1.6182463369963371,2.618246336996337,"[13, 14, 15, 16, 17]",11,"[33, 34, 35, 36, 37, 38, 39, 40, 41, 42, 43]"
5,5,,4,4,"[8, 9, 10]",2,"(59.9132, 10.8196)",,1,1,4,,0,{0: []},3,no,0.75,4.75,"[18, 19]",10,"[44, 45, 46, 47, 48, 49, 50, 51, 52, 53]"
6,6,,2,1,[1],5,"(59.9281, 10.813)",,1,1,1,,0,{1: []},2,yes,1.7188071188071188,2.718807118807119,"[20, 21, 22, 23, 24]",11,"[54, 55, 56, 57, 58, 59, 60, 61, 62, 63, 64]"
7,7,,4,4,"[8, 9, 10]",2,"(59.9122, 10.7595)",,1,1,4,,1,{0: []},3,no,0.75,4.75,"[25, 26]",10,"[65, 66, 67, 68, 69, 70, 71, 72, 73, 74]"
8,8,,4,4,"[8, 9, 10]",2,"(59.9384, 10.8024)",,1,1,4,,1,"{1: [3, 2, 1]}",2,no,0.75,4.75,"[27, 28]",10,"[75, 76, 77, 78, 79, 80, 81, 82, 83, 84]"
9,9,,2,1,[1],5,"(59.9347, 10.7235)",,1,1,1,,0,{0: []},3,yes,1.8910714285714285,2.8910714285714283,"[29, 30, 31, 32, 33]",11,"[85, 86, 87, 88, 89, 90, 91, 92, 93, 94, 95]"
10,10,,4,4,"[8, 9, 10]",2,"(59.8762, 10.8304)",,2,1,4,,0,"{1: [3, 1, 2]}",2,no,0.7,4.7,"[34, 35]",10,"[96, 97, 98, 99, 100, 101, 102, 103, 104, 105]"
11,11,,2,1,[1],5,"(59.938, 10.739)",,1,1,1,,0,"{1: [1, 3, 2]}",2,yes,1.5365079365079364,2.5365079365079364,"[36, 37, 38, 39, 40]",11,"[106, 107, 108, 109, 110, 111, 112, 113, 114, 115, 116]"
12,12,,2,4,"[8, 9, 10]",2,"(59.9523, 10.6708)",,1,1,4,,0,{0: []},3,no,0.75,4.75,"[41, 42]",10,"[117, 118, 119, 120, 121, 122, 123, 124, 125, 126]"
