treatmentId,patientId,therapy,clinic,patternType,pattern,visits,location,employeeRestriction,heaviness,utility,pattern_complexity,nActInTreat,allocation,employeeHistory,continuityGroup,extraSupport,t_complexity,complexity,visitsIds,nActivities,activitiesIds
1,1,,3,4,"[8, 9, 10]",2,"(59.9564, 10.7306)",,2,1,4,,0,"{1: [2, 3, 1]}",2,no,0.7,4.7,"[1, 2]",10,"[1, 2, 3, 4, 5, 6, 7, 8, 9, 10]"
2,2,,2,1,[1],5,"(59.9356, 10.8399)",,1,1,1,,0,"{1: [1, 3, 2]}",2,yes,1.5909835534835535,2.5909835534835537,"[3, 4, 5, 6, 7]",11,"[11, 12, 13, 14, 15, 16, 17, 18, 19, 20, 21]"
3,3,,2,1,[1],5,"(59.8803, 10.8314)",,1,1,1,,0,{0: []},3,yes,1.6642857142857141,2.664285714285714,"[8, 9, 10, 11, 12]",11,"[22, 23, 24, 25, 26, 27, 28, 29, 30, 31, 32]"
4,4,,2,1,[1],5,"(59.9383, 10.7674)",,2,1,1,,0,{0: []},3,yes,1.5907407407407408,2.590740740740741,"[13, 14, 15, 16, 17]",11,"[33, 34, 35, 36, 37, 38, 39, 40, 41, 42, 43]"
5,5,,2,1,[1],5,"(59.9137, 10.804)",,2,1,1,,1,{0: []},3,yes,1.5918650793650795,2.5918650793650793,"[18, 19, 20, 21, 22]",11,"[44, 45, 46, 47, 48, 49, 50, 51, 52, 53, 54]"
6,6,,2,1,[1],5,"(59.9325, 10.7945)",,1,1,1,,0,{0: []},3,yes,1.5246031746031747,2.5246031746031745,"[23, 24, 25, 26, 27]",11,"[55, 56, 57, 58, 59, 60, 61, 62, 63, 64, 65]"
7,7,,2,1,[1],5,"(59.9557, 10.7463)",,2,1,1,,0,"{1: [1, 2, 3]}",2,yes,1.5388111888111888,2.538811188811189,"[28, 29, 30, 31, 32]",11,"[66, 67, 68, 69, 70, 71, 72, 73, 74, 75, 76]"
8,8,,2,1,[1],5,"(59.9234, 10.8481)",,1,1,1,,1,"{1: [2, 1, 3]}",2,yes,1.6299908424908427,2.6299908424908427,"[33, 34, 35, 36, 37]",11,"[77, 78, 79, 80, 81, 82, 83, 84, 85, 86, 87]"
9,9,,2,1,[1],5,"(59.9441, 10.6866)",,2,1,1,,0,"{1: [2, 1, 3]}",2,yes,1.5456018518518517,2.5456018518518517,"[38, 39, 40, 41, 42]",11,"[88, 89, 90, 91, 92, 93, 94, 95, 96, 97, 98]"
10,10,,2,1,[1],5,"(59.935, 10.6824)",,2,1,1,,0,{0: []},3,yes,1.5479166666666664,2.5479166666666666,"[43, 44, 45, 46, 47]",11,"[99, 100, 101, 102, 103, 104, 105, 106, 107, 108, 109]"
11,11,,2,4,"[8, 9, 10]",2,"(59.9495, 10.7239)",,2,1,4,,0,{0: []},3,no,0.7,4.7,"[48, 49]",10,"[110, 111, 112, 113, 114, 115, 116, 117, 118, 119]"
12,12,,2,4,"[8, 9, 10]",2,"(59.8788, 10.8329)",,1,1,4,,0,"{1: [3, 1, 2]}",2,no,0.7,4.7,"[50, 51]",10,"[120, 121, 122, 123, 124, 125, 126, 127, 128, 129]"
