treatmentId,patientId,therapy,clinic,patternType,pattern,visits,location,employeeRestriction,heaviness,utility,pattern_complexity,nActInTreat,allocation,employeeHistory,continuityGroup,extraSupport,t_complexity,complexity,visitsIds,nActivities,activitiesIds
1,1,,2,1,[1],5,"(59.9413, 10.6466)",,2,1,1,,0,{0: []},3,yes,1.657070707070707,2.657070707070707,"[1, 2, 3, 4, 5]",11,"[1, 2, 3, 4, 5, 6, 7, 8, 9, 10, 11]"
2,2,,1,4,"[8, 9, 10]",2,"(59.9523, 10.6712)",,1,1,4,,0,{0: []},3,no,0.7,4.7,"[6, 7]",10,"[12, 13, 14, 15, 16, 17, 18, 19, 20, 21]"
3,3,,2,4,"[8, 9, 10]",2,"(59.9436, 10.6649)",,2,1,4,,0,{0: []},3,no,0.75,4.75,"[8, 9]",10,"[22, 23, 24, 25, 26, 27, 28, 29, 30, 31]"
4,4,,2,1,[1],5,"(59.9626, 10.6294)",,2,1,1,,0,{0: []},3,yes,1.7913029100529099,2.79130291005291,"[10, 11, 12, 13, 14]",11,"[32, 33, 34, 35, 36, 37, 38, 39, 40, 41, 42]"
5,5,,2,1,[1],5,"(59.8994, 10.8482)",,2,1,1,,0,{0: []},3,yes,1.705952380952381,2.705952380952381,"[15, 16, 17, 18, 19]",11,"[43, 44, 45, 46, 47, 48, 49, 50, 51, 52, 53]"
6,6,,2,1,[1],5,"(59.939, 10.6643)",,1,1,1,,0,"{1: [3, 1, 2]}",2,yes,1.721693121693122,2.721693121693122,"[20, 21, 22, 23, 24]",11,"[54, 55, 56, 57, 58, 59, 60, 61, 62, 63, 64]"
7,7,,2,1,[1],5,"(59.9623, 10.6278)",,1,1,1,,0,{0: []},3,yes,1.740988640988641,2.740988640988641,"[25, 26, 27, 28, 29]",11,"[65, 66, 67, 68, 69, 70, 71, 72, 73, 74, 75]"
8,8,,2,1,[1],5,"(59.9224, 10.7254)",,2,1,1,,1,"{1: [3, 2, 1]}",2,yes,1.6231990231990232,2.623199023199023,"[30, 31, 32, 33, 34]",11,"[76, 77, 78, 79, 80, 81, 82, 83, 84, 85, 86]"
9,9,,4,4,"[8, 9, 10]",2,"(59.9502, 10.8343)",,1,1,4,,1,{0: []},3,no,0.75,4.75,"[35, 36]",10,"[87, 88, 89, 90, 91, 92, 93, 94, 95, 96]"
10,10,,4,4,"[8, 9, 10]",2,"(59.9249, 10.7574)",,1,1,4,,0,{0: []},3,no,0.7,4.7,"[37, 38]",10,"[97, 98, 99, 100, 101, 102, 103, 104, 105, 106]"
11,11,,1,1,[1],5,"(59.8839, 10.8022)",,1,1,1,,0,{0: []},3,yes,1.546539109039109,2.546539109039109,"[39, 40, 41, 42, 43]",11,"[107, 108, 109, 110, 111, 112, 113, 114, 115, 116, 117]"
12,12,,2,1,[1],5,"(59.9639, 10.6221)",,2,1,1,,0,{0: []},3,yes,1.6013227513227513,2.6013227513227513,"[44, 45, 46, 47, 48]",11,"[118, 119, 120, 121, 122, 123, 124, 125, 126, 127, 128]"
