treatmentId,patientId,therapy,clinic,patternType,pattern,visits,location,employeeRestriction,heaviness,utility,pattern_complexity,nActInTreat,allocation,employeeHistory,continuityGroup,extraSupport,t_complexity,complexity,visitsIds,nActivities,activitiesIds
1,1,,4,4,"[8, 9, 10]",2,"(59.9417, 10.6716)",,1,1,4,,0,{1: []},2,no,0.7,4.7,"[1, 2]",10,"[1, 2, 3, 4, 5, 6, 7, 8, 9, 10]"
2,2,,4,4,"[8, 9, 10]",2,"(59.9497, 10.6503)",,1,1,4,,0,{0: []},3,no,0.75,4.75,"[3, 4]",10,"[11, 12, 13, 14, 15, 16, 17, 18, 19, 20]"
3,3,,1,4,"[8, 9, 10]",2,"(59.9612, 10.7547)",,2,1,4,,0,"{1: [1, 3, 2]}",2,no,0.8,4.8,"[5, 6]",10,"[21, 22, 23, 24, 25, 26, 27, 28, 29, 30]"
4,4,,4,4,"[8, 9, 10]",2,"(59.9075, 10.7734)",,2,1,4,,0,{0: []},3,no,0.7,4.7,"[7, 8]",10,"[31, 32, 33, 34, 35, 36, 37, 38, 39, 40]"
5,5,,1,1,[1],5,"(59.8825, 10.8219)",,1,1,1,,1,"{1: [1, 3, 2]}",2,yes,1.5335648148148147,2.533564814814815,"[9, 10, 11, 12, 13]",11,"[41, 42, 43, 44, 45, 46, 47, 48, 49, 50, 51]"
6,6,,2,1,[1],5,"(59.9371, 10.7864)",,1,1,1,,0,"{1: [2, 1, 3]}",2,yes,1.5956543456543457,2.5956543456543457,"[14, 15, 16, 17, 18]",11,"[52, 53, 54, 55, 56, 57, 58, 59, 60, 61, 62]"
7,7,,4,4,"[8, 9, 10]",2,"(59.9299, 10.6873)",,2,1,4,,0,"{1: [1, 2, 3]}",2,no,0.75,4.75,"[19, 20]",10,"[63, 64, 65, 66, 67, 68, 69, 70, 71, 72]"
8,8,,3,4,"[8, 9, 10]",2,"(59.9471, 10.6702)",,2,1,4,,0,"{1: [3, 2, 1]}",2,no,0.7,4.7,"[21, 22]",10,"[73, 74, 75, 76, 77, 78, 79, 80, 81, 82]"
9,9,,4,4,"[8, 9, 10]",2,"(59.9606, 10.6305)",,2,1,4,,0,"{1: [2, 1, 3]}",2,no,0.7,4.7,"[23, 24]",10,"[83, 84, 85, 86, 87, 88, 89, 90, 91, 92]"
10,10,,4,4,"[8, 9, 10]",2,"(59.9421, 10.6892)",,1,1,4,,0,{0: []},3,no,0.7,4.7,"[25, 26]",10,"[93, 94, 95, 96, 97, 98, 99, 100, 101, 102]"
11,11,,2,1,[1],5,"(59.925, 10.6865)",,2,1,1,,1,"{1: [2, 3, 1]}",2,yes,1.6118881118881117,2.6118881118881117,"[27, 28, 29, 30, 31]",11,"[103, 104, 105, 106, 107, 108, 109, 110, 111, 112, 113]"
12,12,,2,4,"[8, 9, 10]",2,"(59.9417, 10.6921)",,2,1,4,,0,{0: []},3,no,0.75,4.75,"[32, 33]",10,"[114, 115, 116, 117, 118, 119, 120, 121, 122, 123]"
